{"learning_rate": 0.001, "batch_size": 30, "weight_decay": 1e-06, "_timestamp": 1669988213.9870517, "_runtime": 6.08719277381897, "_step": 0}