{"learning_rate": 0.001, "batch_size": 30, "weight_decay": 1e-06, "_timestamp": 1669996052.7042737, "_runtime": 5.874738693237305, "_step": 0}